{
  "n_frames": 100,
  "time_ns": 10.0,
  "rg_mean": 10.50467389864439,
  "rg_std": 1.4140102655786746,
  "rg_min": 8.136143291331262,
  "rg_max": 14.920328040972077,
  "end_to_end_mean": 8.718395233154297,
  "end_to_end_std": 1.222227931022644,
  "end_to_end_min": 4.556188106536865,
  "end_to_end_max": 10.639567375183105
}